base	events
103	1
105	3
106	1
118	1
119	1
124	1
127	2
140	1
141	1
149	1
160	2
165	1
174	1
176	1
178	1
180	2
183	1
186	3
187	3
188	1
190	2
198	2
199	3
203	7
204	2
205	2
207	2
210	3
217	1
219	2
222	4
227	1
228	4
231	1
235	1
241	11
242	4
248	1
253	1
254	1
256	1
257	1
258	1
259	1
262	1
264	2
265	1
270	1
274	2
275	1
284	1
295	1
304	1
307	1
313	7
315	2
335	4
337	8
344	3
346	1
355	3
361	2
362	1
364	1
370	2
376	3
379	2
381	1
393	1
398	2
401	1
414	1
425	1
435	1
440	1
443	2
444	1
445	1
449	1
454	1
455	1
466	1
475	1
476	1
478	1
482	1
487	2
490	1
495	1
504	1
505	1
506	2
510	1
512	1
514	2
515	1
520	4
526	1
527	2
529	1
530	1
532	2
539	1
541	3
558	1
560	1
563	1
565	1
578	1
580	1
581	1
583	2
586	1
589	1
593	3
595	1
599	1
600	1
601	1
606	2
611	1
614	1
618	1
619	1
635	1
656	1
658	2
662	1
673	1
675	1
676	1
677	2
678	2
679	1
682	1
683	3
686	1
691	2
693	1
696	1
705	1
709	1
711	1
713	1
715	1
721	1
723	1
742	1
745	3
747	1
748	1
751	2
761	1
809	2
810	1
815	3
823	7
826	1
829	6
832	2
833	1
835	2
839	1
840	1
845	1
851	1
861	1
865	1
872	1
873	2
874	1
875	1
881	1
884	4
885	1
895	3
897	1
900	5
913	1
915	1
916	1
922	1
942	1
955	2
957	1
958	2
959	2
960	1
963	1
964	1
988	1
1002	1
1043	1
1059	9
1060	2
1063	1
1068	1
1072	1
1076	1
1077	1
1079	1
1085	2
1093	1
1096	1
1098	1
1101	2
1102	1
1103	1
1107	1
1111	1
1125	1
1126	2
1135	3
1141	1
1142	1
1149	1
1150	3
1162	1
1163	9
1165	1
1170	3
1178	1
1181	1
1185	1
1190	5
1191	8
1193	1
1201	2
1202	1
1207	1
1209	1
1210	1
1212	1
1218	4
1223	2
1226	1
1228	1
1244	1
1251	1
1263	3
1267	3
1268	1
1274	1
1279	1
1281	3
1288	6
1298	1
1302	3
1312	1
1314	1
1319	1
1326	1
1329	1
1331	1
1334	1
1339	1
1340	1
1342	3
1344	1
1346	1
1348	3
1350	1
1355	1
1377	1
1380	3
1385	2
1387	4
1391	1
1392	1
1397	3
1401	1
1415	3
1420	3
1421	1
1426	1
1427	2
1435	1
1437	2
1439	1
1440	3
1441	1
1457	3
1461	1
1464	1
1469	3
1471	2
1473	6
1489	1
1493	1
1498	1
1500	1
1513	1
1514	1
1515	1
1519	2
1537	1
1548	2
1549	1
1551	1
1558	2
1562	1
1567	1
1568	1
1573	1
1585	1
1590	1
1593	4
1594	5
1595	1
1598	1
1599	1
1601	1
1606	1
1610	1
1613	1
1620	1
1623	2
1625	1
1627	3
1637	1
1646	1
1663	1
1666	1
1668	1
1674	1
1675	3
1684	5
1691	1
1694	1
1696	1
1701	1
1707	1
1714	1
1719	1
1722	5
1723	1
1727	1
1730	1
1731	1
1738	1
1740	1
1743	1
1748	1
1757	1
1758	6
1759	1
1762	1
1772	1
1779	2
1812	2
1819	1
1820	5
1821	1
1822	1
1830	1
1831	1
1846	1
1848	1
1864	1
1867	1
1873	1
1877	2
1884	2
1887	1
1891	1
1895	1
1912	8
1913	3
1914	1
1915	1
1917	1
1918	1
1925	1
1934	1
1935	1
1938	3
1944	1
1946	1
1947	1
1957	1
1959	1
1968	3
1973	2
1977	1
1979	1
1982	1
1997	2
1998	1
2001	1
2003	2
2009	1
2015	2
2035	2
2036	2
2037	1
2040	1
2041	1
2044	1
2048	2
2051	1
2057	1
2061	1
2062	5
2066	1
2086	1
2091	4
2094	1
2106	3
2110	5
2113	2
2117	1
2125	1
2127	1
2128	1
2135	1
2140	1
2142	2
2143	3
2144	3
2147	2
2151	1
2153	1
2160	1
2161	1
2164	2
2173	1
2176	1
2183	1
2189	4
2190	1
2197	2
2198	1
2203	1
2205	1
2206	1
2207	2
2211	1
2219	1
2229	1
2235	1
2236	1
2239	1
2246	1
2260	1
2264	1
2265	1
2269	1
2270	1
2273	1
2276	1
2277	2
2284	1
2286	1
2288	1
2290	1
2292	1
2306	4
2308	1
2330	1
2339	1
2341	1
2342	1
2345	1
2354	1
2358	2
2370	1
2381	1
2384	1
2385	1
2388	4
2395	1
2398	1
2401	1
2408	1
2416	4
2422	1
2434	2
2441	1
2445	2
2448	1
2455	2
2458	1
2461	1
2462	1
2468	1
2470	2
2475	1
2476	1
2477	1
2480	2
2485	1
2487	1
2488	1
2494	1
2497	1
2508	2
2509	1
2518	1
2523	1
2526	1
2528	1
2533	3
2534	3
2536	1
2537	2
2549	1
2550	1
2558	2
2561	1
2574	1
2593	2
2594	1
2610	1
2632	1
2652	1
2654	1
2659	2
2662	1
2676	3
2679	1
2695	1
2701	1
2702	1
2704	1
2706	2
2708	1
2716	1
2717	1
2721	1
2722	1
2724	2
2725	1
2731	1
2737	1
2748	1
2749	1
2755	1
2770	1
2773	1
2791	1
2805	1
2808	3
2809	1
2810	2
2824	1
2825	2
2826	2
2827	1
2831	2
2832	1
2836	6
2837	1
2838	1
2839	2
2841	2
2842	1
2849	1
2854	1
2857	1
2861	1
2863	1
2866	1
2869	1
2870	1
2880	1
2884	1
2891	1
2897	1
2903	1
2904	1
2909	1
2910	4
2915	1
2923	1
2925	1
2932	1
2933	2
2937	3
2939	1
2940	2
2942	2
2943	1
2945	1
2950	1
2955	1
2966	3
2973	2
2983	1
2992	1
2997	2
3003	1
3004	1
3010	1
3011	1
3013	1
3016	1
3018	1
3022	1
3034	1
3037	15
3040	3
3041	1
3042	1
3045	4
3049	1
3052	1
3053	1
3055	3
3058	1
3064	1
3065	2
3066	1
3078	2
3081	1
3089	1
3091	1
3092	1
3093	1
3095	1
3096	3
3099	1
3119	1
3121	1
3122	3
3130	2
3132	1
3136	1
3140	2
3142	1
3156	1
3163	2
3164	1
3165	1
3168	1
3172	1
3176	1
3177	3
3179	1
3180	1
3185	1
3200	1
3205	1
3206	1
3216	1
3223	1
3224	1
3225	1
3230	2
3241	1
3242	1
3246	1
3250	3
3253	1
3256	1
3258	1
3259	1
3261	4
3263	1
3264	1
3267	1
3268	1
3270	1
3281	1
3283	1
3286	1
3287	1
3289	2
3299	1
3304	1
3311	1
3323	1
3328	2
3330	1
3332	1
3337	1
3371	1
3373	2
3393	1
3395	1
3398	1
3403	1
3405	1
3408	1
3411	1
3414	1
3419	1
3421	1
3429	1
3431	2
3445	1
3472	1
3476	1
3481	1
3483	1
3493	1
3499	1
3518	1
3530	1
3538	1
3539	1
3541	1
3546	1
3547	1
3551	1
3552	1
3557	1
3558	1
3563	1
3569	3
3570	1
3578	1
3583	1
3587	2
3589	1
3591	1
3602	3
3604	1
3605	1
3613	1
3615	1
3619	2
3622	1
3624	1
3633	1
3634	3
3638	1
3653	5
3663	1
3666	1
3682	1
3688	1
3695	2
3710	1
3717	2
3725	1
3728	2
3733	1
3737	2
3738	1
3741	1
3742	1
3743	3
3746	1
3747	1
3759	1
3762	1
3766	1
3768	3
3773	3
3774	1
3778	5
3779	1
3780	2
3784	2
3787	2
3790	2
3792	1
3793	1
3796	1
3811	2
3817	3
3828	2
3831	1
3832	1
3842	1
3854	1
3871	2
3872	1
3874	2
3877	1
3881	1
3890	1
3892	1
3894	1
3903	5
3906	1
3924	1
3927	1
3931	1
3942	1
3949	1
3951	1
3955	2
3961	3
3965	1
3966	1
3971	1
3982	1
3984	1
3987	3
3990	2
3992	1
4000	1
4002	3
4007	1
4009	1
4010	1
4011	3
4014	1
4052	1
4058	3
4068	1
4073	1
4084	1
4093	1
4096	1
4104	1
4105	1
4113	2
4124	1
4125	1
4140	1
4144	2
4148	4
4158	2
4162	2
4166	1
4180	3
4181	1
4183	1
4201	1
4202	1
4206	2
4207	2
4211	1
4217	1
4226	1
4230	2
4234	2
4235	2
4246	1
4255	7
4261	1
4272	1
4276	2
4280	1
4282	1
4285	1
4288	1
4296	2
4297	1
4300	6
4309	1
4320	3
4321	3
4331	3
4338	1
4354	2
4362	1
4369	1
4387	1
4390	1
4393	1
4399	1
4402	1
4406	1
4407	1
4423	3
4436	1
4444	1
4454	1
4455	4
4456	1
4457	1
4463	1
4464	1
4508	1
4510	4
4517	2
4518	1
4523	1
4540	2
4543	1
4547	1
4548	1
4551	3
4570	1
4573	1
4579	2
4582	3
4583	1
4586	4
4591	1
4596	1
4607	1
4618	1
4640	1
4649	1
4655	1
4656	2
4657	2
4665	1
4668	2
4680	1
4683	1
4686	1
4690	1
4693	1
4704	1
4714	1
4720	2
4728	1
4729	1
4732	1
4752	3
4755	1
4761	1
4774	1
4778	1
4780	3
4782	1
4784	1
4795	1
4802	1
4809	2
4810	1
4824	3
4829	1
4832	1
4839	1
4846	1
4847	1
4866	1
4867	1
4873	1
4886	2
4893	2
4897	2
4908	1
4923	1
4925	1
4927	1
4933	1
4940	1
4949	1
4954	1
4955	1
4960	1
4965	2
4984	1
4990	1
4991	1
4992	1
4993	3
4994	1
4999	1
5000	1
5002	1
5007	1
5008	1
5012	1
5015	2
5017	1
5018	2
5020	1
5021	1
5036	1
5037	1
5047	1
5051	1
5053	1
5055	2
5062	2
5065	1
5077	1
5078	1
5084	1
5102	1
5106	1
5118	1
5119	1
5120	1
5128	2
5138	1
5142	1
5144	2
5148	1
5151	1
5157	1
5172	1
5173	4
5175	1
5178	1
5182	1
5183	2
5184	2
5194	1
5198	1
5209	1
5210	1
5211	1
5220	1
5222	1
5230	2
5239	1
5260	4
5269	1
5273	1
5277	1
5278	2
5284	4
5290	1
5298	1
5301	4
5310	1
5311	1
5322	1
5334	1
5339	3
5343	1
5353	1
5357	1
5364	2
5365	3
5366	1
5392	1
5401	1
5406	1
5413	2
5423	1
5425	2
5457	1
5466	1
5467	1
5483	1
5497	3
5508	1
5512	2
5513	1
5526	2
5533	1
5536	1
5544	3
5547	2
5548	3
5553	2
5557	1
5561	1
5572	5
5573	1
5588	1
5608	2
5617	1
5621	1
5622	3
5629	1
5632	1
5654	4
5665	1
5672	4
5694	1
5700	5
5704	1
5717	1
5730	3
5731	1
5736	2
5758	1
5784	2
5787	1
5792	1
5796	1
5812	3
5822	2
5826	1
5830	1
5832	1
5849	2
5850	1
5855	1
5869	4
5874	1
5884	7
5893	1
5907	3
5924	1
5934	1
5950	2
5956	1
5959	1
5974	1
5979	1
5980	1
5986	4
5987	1
5992	1
5993	2
5997	1
6019	1
6025	1
6026	3
6027	4
6031	2
6040	5
6041	1
6056	1
6067	1
6070	3
6078	1
6081	1
6099	1
6109	1
6111	1
6119	1
6120	1
6129	1
6130	2
6133	1
6136	1
6145	1
6148	1
6151	1
6158	1
6163	1
6168	1
6169	1
6187	1
6190	1
6195	1
6198	1
6211	1
6220	1
6228	1
6248	1
6255	4
6258	1
6262	1
6267	3
6276	1
6281	1
6282	1
6285	2
6286	2
6308	1
6310	5
6312	3
6314	1
6317	2
6318	1
6319	1
6320	1
6334	1
6336	3
6338	1
6349	1
6352	2
6354	1
6359	1
6361	3
6364	1
6374	1
6380	1
6392	1
6394	1
6395	3
6401	2
6402	2
6404	2
6406	1
6421	1
6422	1
6440	1
6443	1
6444	1
6445	1
6446	3
6449	5
6463	1
6466	2
6472	1
6500	1
6501	2
6502	1
6504	1
6511	1
6525	1
6529	1
6532	2
6539	2
6541	1
6543	1
6548	1
6558	2
6566	1
6567	1
6573	5
6578	1
6582	2
6589	1
6594	1
6604	1
6605	1
6606	1
6608	1
6611	1
6622	1
6627	2
6628	3
6633	2
6638	3
6646	1
6648	1
6651	3
6653	2
6658	1
6659	1
6662	1
6666	1
6675	1
6684	1
6693	2
6695	2
6696	4
6701	4
6710	1
6713	1
6716	1
6717	2
6723	1
6733	1
6734	1
6740	1
6741	1
6756	1
6762	4
6781	1
6793	1
6797	1
6825	1
6828	1
6842	1
6843	1
6861	1
6865	2
6867	1
6869	6
6870	1
6872	2
6873	1
6875	1
6876	1
6877	2
6884	1
6894	1
6896	1
6906	2
6907	1
6927	1
6941	1
6943	1
6944	1
6945	1
6955	1
6968	2
6970	1
6982	1
6986	1
6988	1
6990	2
6996	1
6998	1
7001	1
7006	2
7011	5
7012	1
7015	1
7016	1
7029	1
7038	1
7042	4
7051	1
7054	1
7063	2
7064	1
7065	2
7067	1
7071	1
7076	1
7081	1
7086	2
7093	1
7101	1
7105	1
7111	1
7114	1
7119	1
7133	1
7152	1
7164	2
7165	4
7169	1
7172	1
7183	1
7200	1
7201	1
7204	1
7223	1
7224	2
7231	1
7234	1
7248	1
7258	1
7267	1
7270	1
7279	2
7288	1
7291	1
7295	2
7299	3
7303	1
7312	2
7318	2
7321	1
7324	1
7330	1
7334	1
7358	1
7386	3
7390	1
7392	2
7393	1
7398	1
7420	3
7431	1
7438	2
7472	3
7479	1
7482	3
7487	1
7488	1
7521	1
7523	1
7528	3
7540	1
7553	1
7559	1
7560	2
7564	3
7570	1
7591	1
7600	4
7609	1
7619	1
7620	2
7621	2
7626	1
7634	2
7675	4
7691	1
7697	1
7712	1
7728	3
7730	1
7734	2
7735	2
7743	2
7749	3
7753	1
7755	1
7756	1
7759	1
7764	2
7765	3
7766	1
7767	2
7768	2
7770	1
7771	1
7772	1
7785	1
7792	1
7797	1
7798	3
7814	1
7815	1
7819	2
7823	1
7830	1
7834	3
7837	1
7843	1
7855	1
7856	1
7860	1
7869	1
7873	2
7875	1
7876	1
7878	1
7897	1
7903	1
7923	1
7926	1
7936	5
7942	1
7958	1
7970	1
7990	1
8001	1
8003	1
8006	1
8016	2
8017	2
8022	2
8025	2
8026	1
8031	1
8047	2
8051	1
8052	1
8063	1
8072	1
8074	3
8075	1
8077	1
8078	1
8081	1
8082	1
8083	1
8090	2
8092	7
8097	1
8102	1
8110	1
8121	1
8130	1
8131	1
8139	2
8140	4
8146	1
8149	1
8156	1
8158	1
8161	1
8166	1
8167	1
8168	1
8173	1
8174	2
8175	2
8179	3
8185	1
8208	3
8240	1
8244	2
8247	1
8251	2
8252	1
8257	1
8266	2
8277	1
8290	6
8293	3
8299	1
8318	2
8320	3
8326	4
8327	1
8328	1
8334	1
8352	1
8353	2
8360	1
8368	1
8371	7
8386	1
8388	2
8389	1
8390	1
8394	1
8409	1
8422	1
8441	1
8449	1
8458	1
8468	1
8472	1
8473	1
8480	1
8481	1
8499	1
8513	1
8516	1
8525	1
8541	1
8566	2
8572	1
8582	1
8586	1
8590	1
8599	1
8604	1
8612	1
8626	2
8645	1
8650	1
8651	6
8653	2
8655	6
8658	6
8659	1
8660	1
8662	2
8692	1
8707	2
8718	1
8730	1
8733	1
8752	1
8762	1
8767	2
8768	1
8773	1
8781	1
8782	9
8788	1
8802	2
8805	1
8809	2
8814	1
8827	2
8828	2
8832	1
8834	1
8855	1
8867	1
8881	1
8882	1
8883	1
8885	1
8886	1
8888	1
8890	1
8897	1
8917	5
8937	1
8939	1
8944	1
8946	1
8950	6
8958	1
8962	1
8963	1
8964	2
8980	1
8981	1
8986	1
8987	3
9034	1
9041	1
9049	1
9080	1
9102	1
9106	1
9114	1
9118	2
9120	2
9121	1
9128	1
9130	2
9153	1
9158	1
9159	1
9163	1
9165	1
9170	1
9172	1
9176	1
9180	1
9190	1
9191	2
9193	1
9204	1
9208	2
9214	1
9220	1
9223	3
9242	2
9246	3
9259	1
9274	2
9276	1
9280	1
9286	3
9301	2
9314	1
9319	2
9328	1
9333	1
9344	2
9352	1
9389	1
9409	2
9419	1
9429	1
9430	5
9437	1
9438	6
9439	1
9448	2
9474	7
9477	1
9479	5
9491	4
9500	1
9502	1
9508	1
9511	1
9514	1
9520	1
9521	1
9526	1
9532	3
9534	3
9544	1
9548	1
9559	2
9561	1
9562	1
9565	3
9598	1
9601	1
9630	2
9634	3
9636	1
9642	1
9648	1
9652	3
9656	2
9658	1
9665	2
9693	1
9697	1
9699	1
9700	1
9711	2
9714	1
9727	1
9733	1
9743	1
9761	1
9778	1
9802	1
9803	3
9805	1
9810	1
9836	1
9841	1
9848	1
9853	1
9857	4
9860	1
9861	1
9866	1
9870	1
9878	1
9880	1
9883	1
9889	1
9890	1
9891	3
9900	1
9924	5
9928	1
9931	2
9940	1
9950	1
9951	1
9961	1
9962	1
9967	3
9979	2
9982	1
9983	1
9985	1
9993	1
9996	3
9997	1
10015	1
10018	1
10029	3
10030	2
10038	2
10039	2
10045	1
10046	1
10075	1
10078	3
10091	1
10096	1
10097	7
10098	1
10125	1
10138	5
10157	2
10161	1
10166	1
10176	1
10183	2
10188	2
10190	1
10198	2
10202	2
10203	1
10207	1
10208	1
10222	1
10228	1
10232	1
10236	1
10249	1
10252	5
10255	1
10259	1
10260	1
10265	2
10277	1
10279	2
10288	1
10291	2
10317	1
10319	4
10323	12
10329	1
10332	2
10336	2
10339	1
10340	1
10349	1
10354	1
10357	1
10360	3
10365	1
10369	3
10376	2
10377	2
10401	1
10408	1
10412	1
10427	2
10435	1
10444	1
10447	2
10449	2
10450	3
10456	3
10479	1
10486	1
10495	1
10507	4
10519	1
10523	2
10531	1
10537	1
10561	1
10573	1
10582	5
10594	1
10604	2
10605	2
10610	1
10612	1
10618	1
10619	1
10626	4
10631	1
10632	1
10641	1
10642	2
10645	1
10667	1
10670	1
10702	3
10727	1
10728	1
10738	1
10741	2
10747	4
10755	2
10761	1
10762	1
10770	1
10771	1
10775	1
10776	1
10779	1
10785	1
10789	1
10792	1
10793	2
10794	1
10795	1
10802	1
10808	2
10815	2
10818	2
10829	1
10833	4
10834	4
10835	1
10837	1
10846	1
10851	1
10870	1
10874	1
10880	1
10889	2
10895	1
10904	1
10947	1
10948	1
10954	2
10962	1
10969	3
10974	1
10978	1
10982	1
10986	1
10992	1
11001	2
11003	1
11005	1
11029	1
11036	1
11045	1
11067	1
11068	1
11074	11
11076	1
11083	63
11094	2
11095	2
11102	1
11109	2
11128	1
11139	1
11154	1
11162	1
11173	2
11182	1
11195	2
11200	1
11221	1
11222	2
11224	2
11227	1
11228	1
11230	1
11235	1
11244	1
11248	1
11249	1
11270	1
11272	1
11298	1
11300	1
11303	1
11310	1
11318	1
11322	1
11326	1
11338	1
11339	1
11344	2
11359	1
11365	1
11375	1
11379	2
11398	1
11401	1
11405	1
11409	1
11410	1
11417	3
11418	1
11426	1
11439	1
11447	1
11449	1
11451	1
11455	3
11460	1
11461	1
11470	1
11471	2
11474	1
11479	1
11491	1
11511	1
11516	1
11521	1
11525	1
11530	1
11540	2
11554	1
11555	1
11556	1
11557	2
11561	1
11563	3
11572	4
11575	3
11580	1
11595	2
11596	3
11620	2
11634	1
11638	1
11650	1
11653	1
11658	1
11671	2
11674	1
11679	1
11689	1
11692	1
11704	4
11719	1
11725	1
11736	1
11737	1
11747	6
11749	1
11752	3
11758	2
11761	1
11764	1
11768	1
11776	1
11780	1
11781	1
11782	2
11801	1
11815	1
11824	3
11828	1
11832	1
11833	2
11839	1
11842	2
11851	3
11852	1
11858	1
11862	1
11866	1
11878	1
11887	1
11897	1
11908	1
11910	1
11916	2
11956	3
11959	1
11962	2
11971	1
11974	1
11983	2
12003	1
12005	2
12008	1
12017	1
12020	1
12025	2
12031	1
12043	1
12044	1
12049	7
12052	2
12053	2
12066	1
12067	1
12068	2
12073	1
12076	2
12084	1
12085	2
12100	1
12103	1
12105	1
12111	1
12115	1
12119	1
12121	1
12139	1
12167	1
12170	2
12174	1
12176	1
12180	1
12181	1
12191	1
12194	1
12197	1
12199	1
12204	1
12213	2
12216	1
12229	1
12235	1
12242	3
12243	1
12283	1
12292	1
12297	1
12310	1
12312	2
12336	1
12357	2
12364	1
12374	2
12393	1
12395	1
12400	4
12403	1
12406	2
12410	3
12412	1
12415	1
12439	2
12457	1
12459	4
12465	1
12473	4
12478	1
12482	1
12488	1
12503	2
12513	4
12514	1
12525	3
12532	1
12534	4
12550	1
12555	2
12556	1
12559	1
12565	2
12600	1
12607	2
12616	1
12634	1
12661	4
12676	1
12695	1
12700	1
12710	2
12718	1
12733	1
12739	1
12741	2
12747	1
12754	3
12759	1
12769	1
12778	1
12781	5
12784	2
12789	3
12790	1
12792	1
12793	3
12794	1
12795	1
12796	1
12798	1
12809	2
12815	3
12820	1
12823	2
12825	1
12826	1
12832	1
12853	2
12854	2
12866	1
12870	1
12875	2
12880	4
12885	2
12886	2
12890	1
12897	1
12909	1
12915	2
12919	1
12923	1
12933	1
12970	1
12974	1
12986	1
12988	2
12994	1
13006	1
13011	4
13019	2
13025	1
13033	1
13035	1
13046	2
13051	2
13059	2
13064	1
13072	3
13115	2
13118	1
13119	1
13126	1
13162	1
13168	1
13170	2
13176	1
13189	1
13201	1
13204	1
13209	1
13210	1
13216	3
13225	1
13226	1
13237	1
13243	1
13255	1
13270	1
13274	1
13286	1
13329	1
13335	4
13338	1
13345	1
13348	2
13376	2
13381	3
13384	2
13397	1
13401	1
13421	1
13424	2
13430	1
13431	1
13432	1
13434	1
13438	1
13446	1
13458	1
13459	2
13471	1
13476	3
13487	1
13489	1
13494	1
13495	1
13501	1
13503	1
13506	1
13511	1
13512	1
13513	1
13514	1
13515	1
13517	4
13520	1
13521	1
13536	8
13551	1
13568	1
13570	1
13575	1
13576	1
13582	1
13620	4
13624	1
13625	1
13626	1
13627	1
13639	1
13660	1
13665	5
13667	2
13668	1
13679	1
13693	2
13694	3
13701	1
13703	1
13711	1
13712	1
13721	1
13730	8
13753	1
13766	1
13774	2
13785	1
13788	2
13806	1
13810	1
13812	2
13821	1
13860	4
13862	2
13897	1
13900	1
13920	1
13921	1
13922	1
13929	2
13945	2
13946	1
13947	1
13951	1
13953	1
13957	2
13965	1
13992	1
13993	1
13996	1
14008	1
14028	1
14033	1
14036	1
14053	1
14055	2
14067	1
14074	1
14079	1
14091	1
14097	2
14114	1
14118	2
14120	2
14122	2
14131	1
14134	1
14164	1
14168	1
14177	2
14178	5
14183	1
14184	4
14189	2
14191	1
14195	1
14198	1
14202	2
14209	3
14220	2
14222	7
14223	1
14230	2
14235	1
14255	1
14265	1
14267	1
14270	1
14274	1
14277	2
14280	1
14294	1
14313	1
14316	1
14322	3
14325	1
14351	1
14362	2
14369	1
14371	1
14376	1
14394	1
14396	2
14407	2
14408	15
14425	2
14443	1
14451	1
14452	1
14454	1
14478	1
14500	1
14513	1
14535	1
14565	1
14571	1
14573	1
14575	2
14577	1
14580	2
14585	3
14588	3
14599	4
14621	1
14636	1
14645	1
14649	1
14653	4
14657	1
14676	3
14677	1
14684	1
14688	1
14691	1
14710	1
14718	1
14724	5
14741	1
14746	2
14747	1
14749	1
14768	1
14772	1
14786	5
14790	3
14793	1
14802	1
14805	6
14829	2
14848	1
14849	1
14854	1
14856	3
14857	1
14858	1
14863	1
14874	2
14877	4
14889	1
14912	1
14913	1
14925	3
14937	3
14958	1
14973	1
14980	3
14988	1
14999	1
15006	2
15007	1
15008	1
15017	1
15024	1
15025	1
15026	1
15037	1
15045	1
15049	1
15069	1
15071	1
15093	1
15114	1
15117	1
15120	1
15128	1
15141	4
15154	1
15165	1
15166	1
15180	2
15181	1
15190	1
15198	1
15202	2
15213	1
15216	1
15222	1
15225	1
15235	2
15237	2
15240	3
15243	1
15257	2
15276	1
15277	3
15279	1
15282	1
15294	1
15295	1
15321	1
15324	12
15327	3
15337	1
15342	1
15346	1
15352	3
15354	1
15359	1
15360	1
15366	1
15368	1
15380	3
15386	1
15392	1
15406	1
15418	1
15420	1
15438	3
15444	3
15451	2
15452	1
15454	1
15457	1
15465	1
15473	1
15477	2
15484	2
15486	2
15487	1
15492	1
15495	2
15517	1
15519	1
15523	1
15531	1
15532	1
15535	3
15538	1
15540	1
15543	3
15553	1
15571	1
15575	2
15579	2
15593	1
15594	2
15600	1
15605	1
15612	1
15618	1
15624	1
15654	2
15672	3
15689	1
15696	1
15705	2
15714	2
15720	4
15732	1
15738	2
15743	1
15751	1
15752	1
15753	1
15760	1
15762	1
15763	1
15780	1
15801	1
15810	2
15842	1
15857	3
15860	1
15864	1
15892	1
15906	3
15907	1
15911	1
15914	1
15919	1
15920	1
15924	1
15925	1
15928	1
15933	1
15952	2
15954	1
15957	3
15958	1
15960	1
15972	2
15978	2
15981	1
15982	2
15983	1
15984	2
16011	1
16017	4
16044	1
16045	1
16049	3
16054	1
16062	1
16072	1
16075	2
16076	1
16078	2
16085	1
16089	2
16092	2
16095	1
16111	3
16117	4
16134	1
16158	1
16161	1
16163	1
16173	1
16178	3
16188	1
16192	1
16206	1
16216	2
16221	1
16224	1
16236	1
16245	1
16247	2
16254	1
16260	2
16262	1
16267	1
16272	2
16284	1
16289	4
16293	4
16301	2
16323	4
16330	1
16338	1
16365	2
16374	1
16376	3
16381	1
16393	2
16398	1
16404	1
16416	1
16419	1
16423	1
16425	1
16428	3
16438	1
16443	2
16446	1
16455	1
16456	3
16457	3
16464	1
16465	1
16474	1
16479	1
16483	1
16486	1
16507	1
16512	2
16523	1
16542	1
16545	1
16553	1
16561	1
16563	1
16575	2
16593	1
16608	1
16616	1
16626	1
16647	5
16650	1
16658	2
16665	1
16694	1
16699	1
16708	1
16726	1
16727	1
16733	1
16734	1
16741	3
16742	1
16744	1
16750	1
16762	2
16775	1
16806	1
16813	1
16827	1
16841	2
16843	1
16846	3
16852	2
16853	1
16866	1
16869	1
16870	1
16877	4
16883	1
16887	8
16904	1
16909	1
16912	3
16915	1
16917	1
16923	1
16926	2
16929	1
16935	2
16937	1
16939	1
16941	1
16943	1
16945	2
16946	1
16948	1
16952	2
16968	3
16969	1
16971	1
16979	1
16993	1
17000	1
17007	1
17008	1
17010	2
17012	1
17014	4
17019	3
17034	1
17042	1
17048	1
17058	1
17064	1
17067	1
17069	1
17073	1
17074	1
17091	1
17104	6
17110	1
17116	1
17121	1
17122	2
17125	2
17137	1
17141	2
17165	1
17166	1
17169	1
17172	1
17177	1
17185	1
17192	1
17193	2
17200	1
17206	1
17222	1
17223	1
17236	1
17247	2
17251	1
17259	2
17266	2
17268	1
17270	1
17271	1
17280	1
17285	5
17288	3
17300	1
17302	4
17304	3
17319	1
17320	1
17331	1
17333	1
17338	1
17339	1
17358	1
17373	1
17376	1
17380	1
17395	1
17400	1
17403	1
17410	3
17411	1
17414	1
17418	1
17421	1
17423	2
17427	3
17439	1
17444	1
17454	1
17463	1
17470	2
17474	2
17485	1
17502	3
17505	1
17506	1
17518	3
17523	1
17531	1
17536	1
17542	1
17562	1
17568	1
17581	1
17592	1
17602	1
17608	1
17615	1
17627	1
17632	2
17634	3
17638	1
17639	1
17642	1
17654	1
17658	1
17659	2
17671	1
17674	1
17676	3
17678	8
17679	3
17686	1
17690	2
17694	1
17721	2
17722	2
17723	1
17733	1
17740	1
17745	1
17746	4
17747	1
17750	1
17756	1
17766	4
17790	1
17796	1
17803	1
17812	1
17814	3
17815	1
17822	1
17825	1
17829	1
17847	1
17858	1
17859	1
17860	1
17864	1
17883	2
17892	1
17894	1
17898	1
17914	1
17922	1
17929	1
17936	1
17939	1
17944	1
17950	1
17959	1
17961	1
17964	4
17969	1
17976	1
18003	1
18017	1
18020	2
18026	1
18028	1
18029	3
18032	2
18040	2
18047	1
18049	1
18053	1
18060	2
18079	2
18082	1
18085	1
18086	1
18090	2
18106	1
18110	2
18111	1
18115	3
18120	1
18126	1
18129	1
18132	2
18148	1
18163	1
18167	3
18170	1
18171	1
18172	1
18173	1
18175	2
18183	1
18186	1
18222	1
18246	1
18248	1
18252	1
18255	3
18263	1
18264	1
18265	1
18273	1
18292	2
18298	1
18312	1
18315	2
18326	2
18333	2
18348	3
18351	1
18366	1
18377	3
18380	1
18394	1
18395	5
18400	1
18401	1
18405	1
18408	1
18411	1
18412	5
18424	1
18432	1
18436	1
18438	1
18440	1
18445	1
18452	4
18464	1
18471	1
18483	1
18486	1
18488	3
18490	1
18495	1
18498	1
18501	3
18508	4
18512	1
18513	1
18526	2
18534	1
18538	1
18540	1
18555	6
18557	1
18568	2
18570	2
18579	1
18583	1
18585	1
18586	1
18589	1
18603	3
18623	1
18625	1
18636	2
18647	4
18650	1
18651	2
18654	1
18657	2
18660	1
18664	1
18670	1
18687	3
18713	1
18714	1
18736	2
18744	6
18747	5
18754	1
18756	3
18780	1
18782	1
18788	4
18792	1
18803	1
18807	2
18814	1
18816	2
18826	1
18828	3
18861	1
18864	1
18867	1
18877	13
18885	2
18887	1
18894	1
18898	1
18907	1
18927	1
18928	3
18936	1
18943	1
18946	1
18950	1
18956	1
18959	1
18972	1
18973	3
18984	1
18985	3
18994	1
18997	1
18998	1
19002	1
19006	1
19009	1
19010	1
19011	1
19017	1
19029	1
19032	1
19033	1
19065	1
19070	1
19072	1
19073	1
19083	2
19086	3
19101	1
19109	2
19126	1
19143	1
19145	2
19151	1
19152	1
19154	2
19159	1
19164	2
19170	8
19182	2
19186	2
19209	1
19252	1
19254	1
19263	4
19264	1
19269	6
19273	2
19274	1
19276	1
19283	1
19284	1
19292	2
19293	1
19294	1
19295	1
19298	4
19299	1
19318	1
19330	1
19343	1
19346	1
19355	1
19366	1
19367	1
19374	4
19385	1
19386	2
19392	1
19398	1
19402	2
19406	1
19419	1
19422	1
19443	3
19455	1
19457	1
19458	2
19464	1
19475	1
19480	1
19484	4
19485	1
19488	3
19494	1
19495	1
19499	1
19508	1
19509	2
19521	1
19524	3
19525	1
19530	1
19542	4
19548	2
19554	1
19572	1
19584	1
19590	1
19602	1
19610	1
19621	1
19645	1
19648	1
19656	2
19659	1
19662	2
19673	1
19674	1
19675	1
19677	2
19684	4
19687	1
19688	1
19694	1
19702	1
19713	2
19718	4
19719	1
19722	1
19723	1
19729	1
19732	1
19735	5
19763	2
19772	1
19785	1
19806	1
19810	1
19813	4
19816	6
19818	1
19824	1
19825	1
19826	1
19836	1
19838	1
19839	5
19854	1
19862	2
19868	1
19884	2
19891	1
19895	1
19901	1
19919	1
19951	1
19955	2
19960	1
19961	1
19962	1
19972	1
19974	1
19975	1
19979	1
19983	2
19999	4
20002	3
20005	2
20014	1
20016	1
20023	1
20047	2
20055	1
20056	1
20059	1
20062	1
20064	1
20081	2
20091	1
20094	1
20099	1
20102	1
20116	1
20132	2
20134	6
20145	1
20146	1
20148	2
20161	1
20164	2
20176	1
20178	3
20199	1
20217	1
20220	1
20234	2
20235	1
20238	2
20246	1
20255	1
20257	1
20260	1
20264	1
20268	9
20269	1
20270	2
20273	1
20274	1
20275	2
20276	1
20278	1
20283	2
20284	1
20285	1
20287	1
20288	1
20293	1
20294	1
20312	2
20315	1
20320	1
20326	1
20331	1
20334	1
20346	1
20355	2
20356	1
20367	1
20374	3
20387	1
20389	2
20394	1
20398	1
20401	1
20402	3
20405	1
20411	1
20418	1
20419	2
20421	1
20428	1
20429	1
20431	1
20433	1
20436	2
20437	3
20438	1
20449	1
20452	1
20457	2
20458	1
20464	2
20468	1
20469	1
20474	1
20477	3
20480	3
20483	1
20489	1
20497	1
20513	1
20519	1
20520	1
20521	1
20527	1
20543	1
20548	1
20555	1
20557	1
20568	1
20574	1
20575	1
20578	3
20580	1
20582	1
20611	1
20621	1
20623	1
20626	1
20628	2
20629	2
20634	1
20647	1
20668	1
20670	1
20675	2
20679	2
20692	2
20698	1
20703	2
20709	3
20719	1
20740	1
20742	4
20753	2
20755	1
20759	4
20762	3
20766	1
20775	1
20787	1
20799	1
20801	1
20806	1
20817	1
20823	1
20825	1
20827	1
20831	1
20832	1
20841	1
20852	1
20853	1
20871	1
20874	1
20887	3
20891	1
20896	1
20898	1
20931	2
20936	1
20946	3
20956	1
20979	1
20989	1
20991	2
20995	3
21005	1
21006	1
21008	1
21009	1
21021	1
21024	1
21041	1
21057	1
21072	1
21077	2
21093	1
21110	1
21111	1
21114	1
21120	1
21123	3
21128	1
21131	1
21137	11
21138	1
21142	1
21143	1
21145	1
21146	1
21152	1
21157	2
21158	1
21163	1
21165	1
21166	1
21172	2
21174	2
21183	1
21188	1
21190	1
21192	1
21193	1
21213	1
21214	1
21219	1
21220	1
21222	1
21242	1
21253	1
21254	1
21255	5
21260	1
21263	1
21268	1
21296	1
21302	2
21304	7
21305	3
21306	1
21313	1
21316	1
21319	1
21324	1
21331	1
21332	1
21334	1
21335	1
21342	1
21364	1
21369	1
21372	1
21399	1
21408	1
21417	1
21422	1
21423	1
21424	1
21426	1
21431	1
21438	1
21446	1
21452	2
21459	1
21480	1
21489	1
21512	1
21513	2
21516	1
21525	1
21537	1
21538	1
21539	1
21550	1
21551	1
21556	1
21574	1
21575	18
21577	1
21578	3
21584	1
21588	1
21589	1
21590	1
21593	1
21595	5
21597	3
21600	1
21606	1
21614	2
21621	1
21622	3
21624	1
21627	2
21637	1
21638	1
21641	1
21642	1
21644	1
21645	1
21646	3
21647	1
21648	2
21649	1
21651	1
21656	1
21658	3
21668	1
21691	1
21703	1
21707	6
21711	2
21721	2
21724	5
21731	1
21736	1
21742	1
21746	1
21752	1
21760	1
21761	1
21762	1
21763	1
21767	1
21772	3
21775	2
21781	1
21784	1
21785	1
21786	4
21787	1
21789	5
21792	1
21795	1
21800	1
21801	1
21809	1
21811	1
21812	2
21813	1
21830	1
21839	1
21844	1
21845	1
21846	6
21850	1
21851	1
21855	6
21859	1
21881	1
21890	1
21896	1
21898	1
21906	1
21909	1
21917	1
21928	1
21930	1
21931	1
21952	3
21958	1
21960	2
21974	6
21976	2
21985	1
21986	1
21994	1
21996	1
21997	1
21998	5
21999	1
22000	3
22014	1
22020	1
22021	8
22033	2
22042	1
22054	1
22075	1
22084	1
22088	5
22093	1
22099	1
22100	1
22104	2
22119	1
22120	1
22127	1
22130	1
22139	1
22150	2
22151	2
22155	1
22156	1
22162	1
22168	1
22175	1
22179	1
22180	1
22186	1
22190	1
22192	1
22193	1
22197	1
22199	1
22200	1
22201	1
22203	3
22205	4
22206	1
22207	2
22208	1
22210	1
22214	1
22224	2
22225	3
22227	3
22232	1
22238	1
22246	1
22249	2
22259	1
22266	1
22270	1
22271	1
22272	1
22274	1
22277	2
22278	1
22279	1
22281	2
22288	1
22290	1
22295	1
22297	2
22303	1
22308	1
22309	1
22313	1
22319	1
22323	4
22326	2
22329	1
22330	1
22335	2
22341	1
22343	2
22344	2
22346	1
22349	1
22350	1
22355	1
22363	2
22374	1
22381	1
22388	1
22390	1
22397	1
22404	1
22424	1
22432	1
22435	1
22444	3
22449	1
22450	3
22453	1
22458	4
22466	1
22468	7
22477	1
22480	2
22482	1
22484	2
22494	1
22496	1
22501	1
22503	1
22513	1
22521	1
22530	2
22546	1
22550	1
22567	1
22568	1
22571	1
22578	1
22583	1
22591	1
22597	1
22599	2
22604	2
22616	2
22617	1
22627	1
22628	1
22642	1
22661	5
22671	1
22675	1
22677	1
22681	1
22687	1
22706	1
22712	2
22713	2
22729	1
22735	1
22744	1
22747	1
22756	1
22781	1
22785	1
22787	1
22792	1
22801	2
22858	1
22879	3
22882	1
22894	1
22899	2
22918	2
22920	1
22936	1
22938	1
22942	1
22950	2
22964	1
22978	1
22986	1
22987	4
22988	1
22990	1
22992	3
22993	2
22997	1
23010	1
23012	2
23015	1
23058	1
23059	1
23062	2
23063	1
23068	1
23077	1
23086	1
23092	1
23108	1
23114	2
23116	1
23122	2
23124	1
23126	1
23127	2
23128	1
23149	1
23162	1
23170	1
23179	1
23185	3
23191	3
23209	1
23222	1
23223	1
23230	1
23236	1
23244	3
23248	1
23254	1
23255	1
23272	1
23277	2
23280	1
23282	1
23287	2
23293	1
23308	1
23311	5
23347	1
23380	2
23393	1
23399	1
23401	6
23403	13
23405	1
23413	1
23416	1
23419	1
23420	1
23422	2
23424	1
23426	5
23430	2
23436	1
23439	1
23443	1
23453	1
23454	1
23455	1
23477	1
23481	6
23482	2
23486	1
23503	2
23520	3
23522	2
23524	1
23525	4
23534	1
23538	1
23541	1
23557	1
23563	1
23569	1
23575	2
23577	1
23586	1
23587	2
23588	1
23593	6
23596	1
23604	1
23605	2
23606	1
23607	1
23608	3
23611	2
23613	3
23614	1
23618	1
23625	5
23630	1
23632	1
23635	5
23636	1
23638	2
23644	1
23663	1
23664	1
23666	1
23673	3
23674	1
23675	1
23678	1
23679	1
23683	1
23707	5
23709	1
23712	1
23718	1
23731	1
23734	2
23746	1
23751	1
23755	1
23756	1
23757	1
23758	2
23767	1
23781	1
23782	1
23785	1
23788	1
23791	1
23792	1
23824	2
23839	1
23849	1
23851	1
23855	2
23868	5
23870	1
23873	1
23874	1
23890	1
23895	1
23896	1
23898	1
23900	1
23909	1
23917	1
23920	2
23927	1
23929	4
23934	1
23940	2
23941	1
23942	1
23952	1
23965	1
23971	1
23977	2
23982	1
23985	1
23986	1
23987	2
23989	1
23995	1
23997	3
24000	1
24005	1
24022	1
24023	1
24026	2
24034	6
24040	1
24047	2
24050	1
24051	1
24054	1
24063	2
24064	1
24076	2
24077	3
24079	1
24095	2
24096	2
24098	2
24099	2
24106	1
24110	2
24124	1
24130	6
24133	1
24134	2
24138	2
24139	1
24151	1
24163	1
24173	1
24174	1
24175	1
24181	1
24193	3
24197	3
24199	1
24206	1
24211	1
24213	2
24223	1
24236	2
24241	1
24245	1
24253	1
24257	2
24262	1
24286	1
24295	2
24325	1
24328	3
24334	1
24351	1
24353	1
24356	1
24368	7
24370	3
24374	3
24378	7
24381	1
24382	4
24399	1
24400	1
24405	1
24410	1
24421	1
24434	1
24443	1
24445	1
24466	1
24499	2
24501	1
24502	1
24529	1
24535	2
24536	1
24544	1
24565	1
24579	1
24580	1
24583	1
24586	1
24620	1
24621	3
24622	1
24631	2
24634	1
24642	2
24656	1
24690	1
24691	1
24694	2
24700	1
24718	2
24739	1
24751	1
24761	1
24762	1
24763	2
24764	4
24765	1
24770	1
24776	1
24781	3
24782	2
24788	1
24789	1
24794	1
24795	2
24805	1
24812	2
24813	1
24818	1
24832	1
24834	2
24838	1
24842	1
24858	1
24862	3
24863	1
24865	3
24872	2
24882	1
24887	1
24892	2
24904	4
24912	2
24915	1
24919	4
24923	1
24926	5
24933	2
24940	1
24947	1
24959	2
24977	1
24982	1
24985	1
24990	1
24992	1
24998	2
25000	2
25003	1
25020	1
25037	1
25041	2
25046	3
25047	1
25049	2
25060	1
25061	1
25070	1
25074	1
25075	1
25088	5
25094	1
25096	2
25098	1
25105	1
25106	1
25116	1
25126	1
25135	1
25137	1
25145	1
25153	1
25156	3
25159	1
25160	2
25166	1
25169	2
25171	1
25182	1
25183	1
25191	1
25203	1
25204	1
25207	2
25214	1
25217	3
25218	3
25235	1
25244	1
25249	2
25250	1
25252	1
25269	1
25273	2
25275	1
25276	1
25286	1
25290	1
25296	1
25302	1
25308	1
25311	1
25314	1
25323	1
25336	1
25337	1
25339	3
25340	2
25344	1
25350	2
25352	2
25354	1
25375	1
25381	1
25382	2
25385	1
25397	1
25407	2
25408	1
25411	1
25413	1
25414	1
25416	1
25418	1
25423	1
25429	3
25433	3
25435	1
25437	4
25440	2
25443	1
25444	1
25445	2
25447	1
25448	1
25452	2
25454	1
25455	2
25456	3
25457	1
25459	3
25460	2
25461	2
25466	1
25469	2
25471	4
25472	1
25473	1
25483	1
25487	2
25488	1
25491	1
25492	1
25493	1
25494	6
25496	2
25500	2
25504	1
25505	3
25510	1
25511	1
25513	1
25514	1
25515	1
25517	1
25518	1
25521	5
25522	1
25523	1
25525	1
25528	1
25533	2
25534	1
25537	1
25538	1
25543	2
25549	1
25550	2
25552	3
25553	2
25554	1
25555	1
25563	9
25565	1
25566	1
25571	1
25572	3
25574	1
25575	1
25577	1
25578	4
25583	1
25584	1
25585	1
25587	3
25588	1
25591	1
25593	3
25595	2
25597	1
25603	2
25606	3
25607	1
25609	2
25611	2
25613	1
25614	3
25615	2
25617	1
25618	1
25621	1
25624	2
25631	2
25633	1
25644	3
25647	1
25650	2
25654	1
25658	3
25660	1
25665	3
25672	1
25677	1
25678	2
25686	1
25687	2
25688	2
25690	1
25702	4
25703	4
25706	1
25708	2
25710	7
25711	1
25713	1
25714	3
25716	1
25718	2
25721	2
25724	1
25728	1
25731	1
25733	1
25740	1
25747	1
25753	1
25767	1
25769	2
25770	2
25771	1
25775	1
25776	1
25777	2
25785	8
25788	1
25792	1
25793	2
25797	1
25798	1
25810	3
25816	1
25821	1
25822	1
25831	2
25835	1
25839	2
25840	1
25843	1
25844	2
25855	6
25859	1
25864	1
25872	1
25879	2
25881	1
25886	2
25889	1
25902	1
25904	7
25906	2
25907	1
25909	1
25910	1
25912	2
25913	1
25915	1
25916	5
25922	2
25924	1
25929	1
25945	1
25946	1
25947	2
25955	1
25958	1
25963	1
25964	1
25970	1
25971	1
25979	1
25980	1
25983	1
25986	1
25996	1
25998	1
26004	1
26010	1
26013	1
26019	2
26022	3
26028	1
26029	1
26031	1
26038	2
26041	1
26042	1
26045	1
26047	1
26048	1
26057	2
26058	6
26060	4
26063	1
26065	1
26078	2
26088	1
26093	1
26094	1
26098	2
26106	1
26109	4
26110	2
26111	2
26114	1
26117	1
26124	1
26142	1
26143	3
26144	8
26149	1
26151	2
26152	3
26154	1
26158	1
26166	1
26167	1
26171	1
26172	2
26179	1
26181	1
26183	1
26187	1
26197	1
26198	2
26199	2
26201	1
26204	3
26211	2
26212	1
26217	1
26228	3
26232	2
26233	1
26256	3
26257	1
26258	1
26261	1
26263	1
26265	1
26268	1
26270	3
26299	1
26300	1
26301	1
26305	2
26313	2
26319	1
26326	1
26328	1
26333	1
26339	2
26340	4
26352	2
26353	2
26354	1
26355	1
26356	4
26365	1
26366	1
26370	1
26375	1
26376	1
26389	1
26402	1
26408	6
26416	2
26419	1
26424	1
26425	1
26428	2
26433	1
26439	1
26447	5
26450	1
26454	1
26456	1
26459	2
26461	3
26464	1
26467	1
26469	1
26478	1
26487	1
26497	1
26499	1
26512	1
26526	2
26527	2
26529	1
26530	7
26533	1
26534	2
26549	6
26551	3
26559	1
26562	1
26571	1
26586	1
26606	3
26607	2
26615	1
26621	1
26622	1
26625	2
26642	1
26645	1
26648	1
26660	1
26665	2
26679	1
26681	9
26682	1
26690	1
26700	1
26711	1
26713	1
26720	2
26729	1
26730	4
26735	5
26750	2
26754	1
26775	1
26779	1
26780	1
26790	1
26792	1
26799	1
26801	7
26809	1
26811	1
26828	5
26840	1
26842	1
26846	1
26847	1
26849	5
26857	1
26858	4
26864	1
26873	3
26876	1
26882	3
26885	1
26892	1
26894	3
26895	2
26898	1
26899	1
26904	1
26907	1
26910	1
26912	2
26918	2
26934	1
26936	4
26951	2
26957	2
26959	1
26966	2
26967	1
26984	2
26985	1
26994	1
27002	1
27005	4
27014	1
27038	1
27039	1
27040	1
27046	7
27059	3
27092	3
27093	1
27103	2
27110	2
27131	1
27137	1
27143	2
27147	4
27153	1
27155	1
27165	1
27167	1
27191	1
27199	1
27204	2
27211	1
27212	1
27213	6
27214	1
27219	1
27224	1
27225	1
27226	1
27230	2
27238	1
27240	4
27247	2
27261	5
27264	1
27276	2
27282	1
27285	1
27294	2
27297	3
27299	3
27304	1
27316	1
27318	1
27319	1
27323	1
27335	1
27344	1
27349	1
27350	1
27354	1
27358	1
27364	1
27367	2
27371	1
27374	1
27384	7
27389	1
27390	2
27393	1
27415	2
27416	1
27419	1
27420	1
27421	2
27424	1
27430	1
27431	1
27434	2
27441	2
27449	1
27453	1
27461	1
27463	1
27476	2
27478	1
27482	1
27483	1
27484	4
27486	1
27490	2
27494	1
27499	1
27501	1
27503	1
27506	2
27509	1
27513	1
27514	1
27520	2
27521	1
27524	1
27527	1
27532	2
27536	2
27541	1
27544	1
27555	1
27559	1
27560	1
27561	4
27577	1
27582	1
27588	2
27591	1
27600	2
27602	1
27613	1
27615	1
27618	2
27624	1
27626	1
27629	1
27630	1
27631	1
27635	1
27641	2
27643	1
27649	1
27654	2
27657	1
27659	1
27669	2
27670	2
27671	1
27675	1
27676	2
27679	1
27684	1
27688	1
27689	2
27697	1
27703	6
27707	3
27708	1
27709	1
27711	1
27727	1
27735	1
27737	1
27739	1
27741	2
27746	1
27752	3
27754	1
27763	1
27769	2
27770	1
27779	1
27788	1
27789	1
27794	1
27798	1
27804	5
27813	1
27827	1
27842	1
27847	3
27849	1
27855	1
27857	1
27870	1
27872	1
27874	4
27877	7
27879	1
27881	1
27883	1
27889	1
27893	1
27897	1
27903	1
27911	2
27915	3
27920	2
27921	1
27923	2
27925	2
27927	1
27938	1
27941	1
27942	1
27944	1
27945	2
27964	3
27967	1
27972	2
27976	1
27981	1
27982	1
27985	1
27986	1
27987	1
27990	1
27993	1
27996	2
27998	1
27999	1
28001	2
28004	1
28005	2
28006	2
28008	2
28009	1
28010	1
28011	1
28019	1
28027	4
28036	1
28044	1
28048	1
28053	1
28054	2
28057	1
28070	1
28077	8
28079	2
28083	2
28085	3
28086	6
28087	3
28088	4
28093	6
28097	1
28098	1
28100	1
28108	1
28110	1
28113	1
28116	1
28117	1
28134	1
28135	1
28139	2
28144	3
28153	2
28160	1
28166	3
28167	1
28169	1
28180	1
28194	1
28196	1
28202	2
28209	5
28210	1
28212	1
28221	2
28226	1
28230	1
28237	1
28238	1
28245	1
28251	1
28253	15
28254	2
28256	2
28265	1
28269	2
28288	1
28289	1
28290	3
28291	1
28292	1
28297	2
28300	3
28304	1
28308	1
28310	2
28311	5
28312	1
28314	1
28320	2
28321	4
28325	1
28326	1
28329	1
28332	1
28333	1
28338	1
28344	2
28346	1
28354	2
28355	1
28363	1
28367	1
28368	3
28371	2
28373	3
28374	1
28375	1
28377	2
28378	5
28380	2
28381	1
28382	2
28390	1
28391	2
28392	1
28395	2
28396	1
28432	1
28436	1
28449	1
28451	1
28453	4
28457	1
28467	1
28472	2
28486	2
28487	1
28488	1
28500	2
28512	1
28514	1
28521	1
28523	1
28531	3
28552	1
28574	1
28576	1
28580	6
28582	1
28591	1
28600	1
28603	6
28621	2
28624	1
28628	2
28629	1
28646	1
28648	1
28651	2
28655	2
28657	6
28674	1
28675	1
28677	2
28685	1
28688	3
28690	3
28694	1
28695	2
28697	4
28698	1
28703	4
28704	1
28705	1
28706	3
28708	2
28715	1
28724	1
28725	1
28727	2
28738	1
28739	1
28744	3
28747	1
28757	1
28758	1
28759	1
28760	1
28762	1
28765	1
28770	1
28774	1
28775	2
28776	1
28792	4
28798	1
28805	1
28807	1
28810	1
28811	1
28812	4
28817	2
28821	2
28826	6
28829	1
28830	2
28833	2
28835	3
28836	1
28839	1
28841	1
28842	3
28843	2
28844	1
28846	1
28849	5
28851	6
28854	11
28857	6
28860	2
28861	1
28863	3
28866	1
28868	5
28869	3
28877	3
28878	6
28881	8
28882	2
28883	2
28884	2
28887	11
28888	2
28890	2
28893	1
28896	1
28899	4
28900	1
28903	1
28904	1
28905	3
28908	2
28910	2
28911	1
28912	1
28913	1
28915	2
28917	2
28920	2
28925	1
28932	2
28936	1
28951	2
28957	2
28960	1
28968	1
28969	3
28975	3
28977	2
28978	1
28981	1
28985	2
28989	1
28998	1
29000	2
29008	2
29009	1
29010	1
29017	1
29021	1
29024	1
29025	2
29044	1
29060	1
29067	2
29077	2
29081	1
29085	1
29086	1
29095	7
29098	2
29108	1
29119	1
29120	1
29134	1
29135	1
29137	1
29140	1
29144	5
29148	2
29149	1
29159	1
29161	1
29162	1
29167	6
29179	5
29183	1
29190	1
29195	1
29197	1
29199	1
29200	3
29202	1
29206	1
29209	1
29211	1
29212	3
29213	1
29215	1
29218	7
29220	1
29221	1
29222	1
29224	1
29227	3
29235	1
29239	1
29243	1
29246	1
29247	2
29250	3
29252	1
29253	6
29254	4
29259	2
29260	3
29262	1
29266	1
29268	1
29269	1
29272	3
29274	4
29279	1
29284	3
29285	1
29291	1
29296	2
29303	1
29304	2
29307	1
29308	1
29311	1
29314	1
29315	4
29317	1
29318	1
29324	1
29348	1
29353	2
29358	5
29360	1
29362	1
29363	1
29364	2
29365	1
29366	1
29367	1
29369	1
29370	3
29372	3
29373	2
29374	1
29375	2
29377	3
29380	1
29381	2
29384	2
29385	1
29391	1
29392	1
29396	1
29400	1
29402	5
29403	2
29405	3
29409	3
29414	1
29415	1
29420	2
29421	7
29422	5
29424	1
29425	2
29426	1
29427	2
29431	2
29433	2
29440	2
29441	1
29445	3
29449	4
29451	4
29455	1
29463	1
29465	1
29466	3
29468	1
29473	1
29474	2
29477	6
29500	1
29502	2
29507	1
29511	1
29513	2
29514	1
29518	1
29527	1
29533	1
29535	1
29537	1
29540	3
29541	2
29543	7
29545	1
29546	2
29547	1
29550	1
29553	3
29554	2
29555	6
29557	2
29559	1
29567	1
29568	1
29573	1
29582	1
29585	2
29586	1
29588	1
29593	1
29596	1
29600	1
29607	1
29614	10
29616	1
29622	1
29625	1
29627	3
29635	1
29639	1
29640	1
29642	2
29645	5
29648	1
29661	1
29666	1
29668	2
29673	1
29674	1
29679	1
29681	1
29683	1
29685	2
29688	2
29690	2
29692	1
29693	1
29694	1
29696	1
29700	1
29701	1
29702	1
29703	1
29705	5
29706	1
29708	4
29710	2
29711	6
29715	2
29717	2
29719	1
29721	3
29722	1
29723	1
29724	1
29727	1
29730	2
29731	1
29733	3
29734	3
29735	2
29736	5
29737	5
29738	1
29739	3
29741	2
29742	12
29743	4
29744	2
29745	3
29747	5
29748	1
29750	2
29751	8
29752	1
29754	2
29759	2
29762	3
29763	1
29764	4
29765	2
29767	1
29769	6
29771	1
29773	4
29774	3
29776	2
29777	1
29779	4
29781	4
29784	5
29786	1
29790	1
29792	1
29794	1
29795	1
29797	1
29798	1
29800	1
29804	1
29805	1
29806	2
29810	1
29820	1
29821	2
29822	1
29823	1
29825	5
29827	8
29828	1
29829	2
29830	8
29832	4
29833	2
29834	4
29835	1
29836	2
29837	2
29838	1
29839	2
29840	4
29841	5
29842	2
29843	1
29844	1
29845	1
29847	1
29848	10
29850	10
29851	1
29852	4
29853	6